,TP,TN,FP,FN,P,R,F1
Drug,10155,740044,494,414,0.9536106676683257,0.9608288390576214,0.9572061457253275
Reason,1732,748061,527,787,0.7667109340416113,0.6875744342993251,0.7249895353704479
ADE,288,750337,166,316,0.6343612334801763,0.4768211920529801,0.5444234404536863
