,TP,TN,FP,FN,P,R,F1
Drug,10153,739624,493,416,0.95369152733421,0.9606396063960639,0.9571529578128682
Reason,1786,747590,577,733,0.7558188743123149,0.7090115125049623,0.731667349446948
ADE,332,749958,124,272,0.7280701754385965,0.5496688741721855,0.6264150943396226
