,TP,TN,FP,FN,P,R,F1
Drug,9611,739758,757,958,0.9093575551140127,0.9269868827160493,0.9180875961216985
Reason,1208,748043,522,1311,0.4795553791186979,0.6982658959537572,0.5686043775005883
ADE,104,750384,96,500,0.17218543046357615,0.52,0.25870646766169153
